-- phpMyAdmin SQL Dump
-- version 4.8.5
-- https://www.phpmyadmin.net/
--
-- Host: 127.0.0.1
-- Waktu pembuatan: 27 Nov 2019 pada 06.28
-- Versi server: 10.1.38-MariaDB
-- Versi PHP: 7.3.2

SET SQL_MODE = "NO_AUTO_VALUE_ON_ZERO";
SET AUTOCOMMIT = 0;
START TRANSACTION;
SET time_zone = "+00:00";


/*!40101 SET @OLD_CHARACTER_SET_CLIENT=@@CHARACTER_SET_CLIENT */;
/*!40101 SET @OLD_CHARACTER_SET_RESULTS=@@CHARACTER_SET_RESULTS */;
/*!40101 SET @OLD_COLLATION_CONNECTION=@@COLLATION_CONNECTION */;
/*!40101 SET NAMES utf8mb4 */;

--
-- Database: `1`
--

-- --------------------------------------------------------

--
-- Struktur dari tabel `admin`
--

CREATE TABLE `admin` (
  `admin_id` int(10) UNSIGNED NOT NULL,
  `admin_username` varchar(40) COLLATE utf8mb4_unicode_ci NOT NULL,
  `admin_nama` varchar(40) COLLATE utf8mb4_unicode_ci NOT NULL,
  `admin_password` varchar(255) COLLATE utf8mb4_unicode_ci NOT NULL,
  `admin_kontak` varchar(20) COLLATE utf8mb4_unicode_ci NOT NULL,
  `admin_level` tinyint(4) NOT NULL
) ENGINE=InnoDB DEFAULT CHARSET=utf8mb4 COLLATE=utf8mb4_unicode_ci ROW_FORMAT=DYNAMIC;

--
-- Dumping data untuk tabel `admin`
--

INSERT INTO `admin` (`admin_id`, `admin_username`, `admin_nama`, `admin_password`, `admin_kontak`, `admin_level`) VALUES
(1, 'admin', 'Super Admin', '$2y$10$9okWb.4sem2tCZU5ih4ATuShDdkwPodqoy4gdn8FLogecB9WOGM1C', '081271377018', 1),
(2, 'author', 'Admin', '$2y$10$AnFFFovWUab0LePakxEbD.hYSf7v0jq/qShtSpGze7TWrVeN3SC1m', '08188889999', 2),
(3, 'tes', 'tes', '$2y$10$X5zpHpqjAQ0bHFx2HjNTVuF5nfTM6Op6lOJUN7saRu5xEyxbAWvCS', '', 1);

-- --------------------------------------------------------

--
-- Struktur dari tabel `city`
--

CREATE TABLE `city` (
  `id` int(10) UNSIGNED NOT NULL,
  `name` varchar(200) COLLATE utf8mb4_unicode_ci NOT NULL,
  `id_province` int(10) UNSIGNED NOT NULL,
  `created_at` timestamp NULL DEFAULT NULL,
  `updated_at` timestamp NULL DEFAULT NULL
) ENGINE=InnoDB DEFAULT CHARSET=utf8mb4 COLLATE=utf8mb4_unicode_ci ROW_FORMAT=DYNAMIC;

--
-- Dumping data untuk tabel `city`
--

INSERT INTO `city` (`id`, `name`, `id_province`, `created_at`, `updated_at`) VALUES
(1, 'Aceh Barat', 21, '2019-11-01 01:43:04', '2019-11-01 01:43:04'),
(2, 'Aceh Barat Daya', 21, '2019-11-01 01:43:04', '2019-11-01 01:43:04'),
(3, 'Aceh Besar', 21, '2019-11-01 01:43:04', '2019-11-01 01:43:04'),
(4, 'Aceh Jaya', 21, '2019-11-01 01:43:04', '2019-11-01 01:43:04'),
(5, 'Aceh Selatan', 21, '2019-11-01 01:43:04', '2019-11-01 01:43:04'),
(6, 'Aceh Singkil', 21, '2019-11-01 01:43:04', '2019-11-01 01:43:04'),
(7, 'Aceh Tamiang', 21, '2019-11-01 01:43:04', '2019-11-01 01:43:04'),
(8, 'Aceh Tengah', 21, '2019-11-01 01:43:05', '2019-11-01 01:43:05'),
(9, 'Aceh Tenggara', 21, '2019-11-01 01:43:05', '2019-11-01 01:43:05'),
(10, 'Aceh Timur', 21, '2019-11-01 01:43:05', '2019-11-01 01:43:05'),
(11, 'Aceh Utara', 21, '2019-11-01 01:43:05', '2019-11-01 01:43:05'),
(12, 'Agam', 32, '2019-11-01 01:43:05', '2019-11-01 01:43:05'),
(13, 'Alor', 23, '2019-11-01 01:43:05', '2019-11-01 01:43:05'),
(14, 'Ambon', 19, '2019-11-01 01:43:05', '2019-11-01 01:43:05'),
(15, 'Asahan', 34, '2019-11-01 01:43:05', '2019-11-01 01:43:05'),
(16, 'Asmat', 24, '2019-11-01 01:43:05', '2019-11-01 01:43:05'),
(17, 'Badung', 1, '2019-11-01 01:43:05', '2019-11-01 01:43:05'),
(18, 'Balangan', 13, '2019-11-01 01:43:05', '2019-11-01 01:43:05'),
(19, 'Balikpapan', 15, '2019-11-01 01:43:05', '2019-11-01 01:43:05'),
(20, 'Banda Aceh', 21, '2019-11-01 01:43:05', '2019-11-01 01:43:05'),
(21, 'Bandar Lampung', 18, '2019-11-01 01:43:05', '2019-11-01 01:43:05'),
(22, 'Bandung', 9, '2019-11-01 01:43:05', '2019-11-01 01:43:05'),
(23, 'Bandung', 9, '2019-11-01 01:43:05', '2019-11-01 01:43:05'),
(24, 'Bandung Barat', 9, '2019-11-01 01:43:05', '2019-11-01 01:43:05'),
(25, 'Banggai', 29, '2019-11-01 01:43:05', '2019-11-01 01:43:05'),
(26, 'Banggai Kepulauan', 29, '2019-11-01 01:43:05', '2019-11-01 01:43:05'),
(27, 'Bangka', 2, '2019-11-01 01:43:05', '2019-11-01 01:43:05'),
(28, 'Bangka Barat', 2, '2019-11-01 01:43:05', '2019-11-01 01:43:05'),
(29, 'Bangka Selatan', 2, '2019-11-01 01:43:05', '2019-11-01 01:43:05'),
(30, 'Bangka Tengah', 2, '2019-11-01 01:43:05', '2019-11-01 01:43:05'),
(31, 'Bangkalan', 11, '2019-11-01 01:43:05', '2019-11-01 01:43:05'),
(32, 'Bangli', 1, '2019-11-01 01:43:05', '2019-11-01 01:43:05'),
(33, 'Banjar', 13, '2019-11-01 01:43:05', '2019-11-01 01:43:05'),
(34, 'Banjar', 9, '2019-11-01 01:43:05', '2019-11-01 01:43:05'),
(35, 'Banjarbaru', 13, '2019-11-01 01:43:05', '2019-11-01 01:43:05'),
(36, 'Banjarmasin', 13, '2019-11-01 01:43:05', '2019-11-01 01:43:05'),
(37, 'Banjarnegara', 10, '2019-11-01 01:43:05', '2019-11-01 01:43:05'),
(38, 'Bantaeng', 28, '2019-11-01 01:43:05', '2019-11-01 01:43:05'),
(39, 'Bantul', 5, '2019-11-01 01:43:06', '2019-11-01 01:43:06'),
(40, 'Banyuasin', 33, '2019-11-01 01:43:06', '2019-11-01 01:43:06'),
(41, 'Banyumas', 10, '2019-11-01 01:43:06', '2019-11-01 01:43:06'),
(42, 'Banyuwangi', 11, '2019-11-01 01:43:06', '2019-11-01 01:43:06'),
(43, 'Barito Kuala', 13, '2019-11-01 01:43:06', '2019-11-01 01:43:06'),
(44, 'Barito Selatan', 14, '2019-11-01 01:43:06', '2019-11-01 01:43:06'),
(45, 'Barito Timur', 14, '2019-11-01 01:43:06', '2019-11-01 01:43:06'),
(46, 'Barito Utara', 14, '2019-11-01 01:43:06', '2019-11-01 01:43:06'),
(47, 'Barru', 28, '2019-11-01 01:43:06', '2019-11-01 01:43:06'),
(48, 'Batam', 17, '2019-11-01 01:43:06', '2019-11-01 01:43:06'),
(49, 'Batang', 10, '2019-11-01 01:43:06', '2019-11-01 01:43:06'),
(50, 'Batang Hari', 8, '2019-11-01 01:43:06', '2019-11-01 01:43:06'),
(51, 'Batu', 11, '2019-11-01 01:43:06', '2019-11-01 01:43:06'),
(52, 'Batu Bara', 34, '2019-11-01 01:43:06', '2019-11-01 01:43:06'),
(53, 'Bau-Bau', 30, '2019-11-01 01:43:06', '2019-11-01 01:43:06'),
(54, 'Bekasi', 9, '2019-11-01 01:43:06', '2019-11-01 01:43:06'),
(55, 'Bekasi', 9, '2019-11-01 01:43:06', '2019-11-01 01:43:06'),
(56, 'Belitung', 2, '2019-11-01 01:43:06', '2019-11-01 01:43:06'),
(57, 'Belitung Timur', 2, '2019-11-01 01:43:06', '2019-11-01 01:43:06'),
(58, 'Belu', 23, '2019-11-01 01:43:06', '2019-11-01 01:43:06'),
(59, 'Bener Meriah', 21, '2019-11-01 01:43:06', '2019-11-01 01:43:06'),
(60, 'Bengkalis', 26, '2019-11-01 01:43:06', '2019-11-01 01:43:06'),
(61, 'Bengkayang', 12, '2019-11-01 01:43:06', '2019-11-01 01:43:06'),
(62, 'Bengkulu', 4, '2019-11-01 01:43:06', '2019-11-01 01:43:06'),
(63, 'Bengkulu Selatan', 4, '2019-11-01 01:43:06', '2019-11-01 01:43:06'),
(64, 'Bengkulu Tengah', 4, '2019-11-01 01:43:06', '2019-11-01 01:43:06'),
(65, 'Bengkulu Utara', 4, '2019-11-01 01:43:06', '2019-11-01 01:43:06'),
(66, 'Berau', 15, '2019-11-01 01:43:06', '2019-11-01 01:43:06'),
(67, 'Biak Numfor', 24, '2019-11-01 01:43:06', '2019-11-01 01:43:06'),
(68, 'Bima', 22, '2019-11-01 01:43:07', '2019-11-01 01:43:07'),
(69, 'Bima', 22, '2019-11-01 01:43:07', '2019-11-01 01:43:07'),
(70, 'Binjai', 34, '2019-11-01 01:43:07', '2019-11-01 01:43:07'),
(71, 'Bintan', 17, '2019-11-01 01:43:07', '2019-11-01 01:43:07'),
(72, 'Bireuen', 21, '2019-11-01 01:43:07', '2019-11-01 01:43:07'),
(73, 'Bitung', 31, '2019-11-01 01:43:07', '2019-11-01 01:43:07'),
(74, 'Blitar', 11, '2019-11-01 01:43:07', '2019-11-01 01:43:07'),
(75, 'Blitar', 11, '2019-11-01 01:43:07', '2019-11-01 01:43:07'),
(76, 'Blora', 10, '2019-11-01 01:43:07', '2019-11-01 01:43:07'),
(77, 'Boalemo', 7, '2019-11-01 01:43:07', '2019-11-01 01:43:07'),
(78, 'Bogor', 9, '2019-11-01 01:43:07', '2019-11-01 01:43:07'),
(79, 'Bogor', 9, '2019-11-01 01:43:07', '2019-11-01 01:43:07'),
(80, 'Bojonegoro', 11, '2019-11-01 01:43:07', '2019-11-01 01:43:07'),
(81, 'Bolaang Mongondow (Bolmong)', 31, '2019-11-01 01:43:07', '2019-11-01 01:43:07'),
(82, 'Bolaang Mongondow Selatan', 31, '2019-11-01 01:43:07', '2019-11-01 01:43:07'),
(83, 'Bolaang Mongondow Timur', 31, '2019-11-01 01:43:07', '2019-11-01 01:43:07'),
(84, 'Bolaang Mongondow Utara', 31, '2019-11-01 01:43:07', '2019-11-01 01:43:07'),
(85, 'Bombana', 30, '2019-11-01 01:43:07', '2019-11-01 01:43:07'),
(86, 'Bondowoso', 11, '2019-11-01 01:43:07', '2019-11-01 01:43:07'),
(87, 'Bone', 28, '2019-11-01 01:43:07', '2019-11-01 01:43:07'),
(88, 'Bone Bolango', 7, '2019-11-01 01:43:07', '2019-11-01 01:43:07'),
(89, 'Bontang', 15, '2019-11-01 01:43:07', '2019-11-01 01:43:07'),
(90, 'Boven Digoel', 24, '2019-11-01 01:43:07', '2019-11-01 01:43:07'),
(91, 'Boyolali', 10, '2019-11-01 01:43:07', '2019-11-01 01:43:07'),
(92, 'Brebes', 10, '2019-11-01 01:43:07', '2019-11-01 01:43:07'),
(93, 'Bukittinggi', 32, '2019-11-01 01:43:07', '2019-11-01 01:43:07'),
(94, 'Buleleng', 1, '2019-11-01 01:43:07', '2019-11-01 01:43:07'),
(95, 'Bulukumba', 28, '2019-11-01 01:43:07', '2019-11-01 01:43:07'),
(96, 'Bulungan (Bulongan)', 16, '2019-11-01 01:43:07', '2019-11-01 01:43:07'),
(97, 'Bungo', 8, '2019-11-01 01:43:07', '2019-11-01 01:43:07'),
(98, 'Buol', 29, '2019-11-01 01:43:08', '2019-11-01 01:43:08'),
(99, 'Buru', 19, '2019-11-01 01:43:08', '2019-11-01 01:43:08'),
(100, 'Buru Selatan', 19, '2019-11-01 01:43:08', '2019-11-01 01:43:08'),
(101, 'Buton', 30, '2019-11-01 01:43:08', '2019-11-01 01:43:08'),
(102, 'Buton Utara', 30, '2019-11-01 01:43:08', '2019-11-01 01:43:08'),
(103, 'Ciamis', 9, '2019-11-01 01:43:08', '2019-11-01 01:43:08'),
(104, 'Cianjur', 9, '2019-11-01 01:43:08', '2019-11-01 01:43:08'),
(105, 'Cilacap', 10, '2019-11-01 01:43:08', '2019-11-01 01:43:08'),
(106, 'Cilegon', 3, '2019-11-01 01:43:08', '2019-11-01 01:43:08'),
(107, 'Cimahi', 9, '2019-11-01 01:43:08', '2019-11-01 01:43:08'),
(108, 'Cirebon', 9, '2019-11-01 01:43:08', '2019-11-01 01:43:08'),
(109, 'Cirebon', 9, '2019-11-01 01:43:08', '2019-11-01 01:43:08'),
(110, 'Dairi', 34, '2019-11-01 01:43:08', '2019-11-01 01:43:08'),
(111, 'Deiyai (Deliyai)', 24, '2019-11-01 01:43:08', '2019-11-01 01:43:08'),
(112, 'Deli Serdang', 34, '2019-11-01 01:43:08', '2019-11-01 01:43:08'),
(113, 'Demak', 10, '2019-11-01 01:43:08', '2019-11-01 01:43:08'),
(114, 'Denpasar', 1, '2019-11-01 01:43:08', '2019-11-01 01:43:08'),
(115, 'Depok', 9, '2019-11-01 01:43:08', '2019-11-01 01:43:08'),
(116, 'Dharmasraya', 32, '2019-11-01 01:43:08', '2019-11-01 01:43:08'),
(117, 'Dogiyai', 24, '2019-11-01 01:43:08', '2019-11-01 01:43:08'),
(118, 'Dompu', 22, '2019-11-01 01:43:08', '2019-11-01 01:43:08'),
(119, 'Donggala', 29, '2019-11-01 01:43:08', '2019-11-01 01:43:08'),
(120, 'Dumai', 26, '2019-11-01 01:43:08', '2019-11-01 01:43:08'),
(121, 'Empat Lawang', 33, '2019-11-01 01:43:08', '2019-11-01 01:43:08'),
(122, 'Ende', 23, '2019-11-01 01:43:08', '2019-11-01 01:43:08'),
(123, 'Enrekang', 28, '2019-11-01 01:43:08', '2019-11-01 01:43:08'),
(124, 'Fakfak', 25, '2019-11-01 01:43:08', '2019-11-01 01:43:08'),
(125, 'Flores Timur', 23, '2019-11-01 01:43:08', '2019-11-01 01:43:08'),
(126, 'Garut', 9, '2019-11-01 01:43:08', '2019-11-01 01:43:08'),
(127, 'Gayo Lues', 21, '2019-11-01 01:43:08', '2019-11-01 01:43:08'),
(128, 'Gianyar', 1, '2019-11-01 01:43:08', '2019-11-01 01:43:08'),
(129, 'Gorontalo', 7, '2019-11-01 01:43:08', '2019-11-01 01:43:08'),
(130, 'Gorontalo', 7, '2019-11-01 01:43:09', '2019-11-01 01:43:09'),
(131, 'Gorontalo Utara', 7, '2019-11-01 01:43:09', '2019-11-01 01:43:09'),
(132, 'Gowa', 28, '2019-11-01 01:43:09', '2019-11-01 01:43:09'),
(133, 'Gresik', 11, '2019-11-01 01:43:09', '2019-11-01 01:43:09'),
(134, 'Grobogan', 10, '2019-11-01 01:43:09', '2019-11-01 01:43:09'),
(135, 'Gunung Kidul', 5, '2019-11-01 01:43:09', '2019-11-01 01:43:09'),
(136, 'Gunung Mas', 14, '2019-11-01 01:43:09', '2019-11-01 01:43:09'),
(137, 'Gunungsitoli', 34, '2019-11-01 01:43:09', '2019-11-01 01:43:09'),
(138, 'Halmahera Barat', 20, '2019-11-01 01:43:09', '2019-11-01 01:43:09'),
(139, 'Halmahera Selatan', 20, '2019-11-01 01:43:09', '2019-11-01 01:43:09'),
(140, 'Halmahera Tengah', 20, '2019-11-01 01:43:09', '2019-11-01 01:43:09'),
(141, 'Halmahera Timur', 20, '2019-11-01 01:43:09', '2019-11-01 01:43:09'),
(142, 'Halmahera Utara', 20, '2019-11-01 01:43:09', '2019-11-01 01:43:09'),
(143, 'Hulu Sungai Selatan', 13, '2019-11-01 01:43:09', '2019-11-01 01:43:09'),
(144, 'Hulu Sungai Tengah', 13, '2019-11-01 01:43:09', '2019-11-01 01:43:09'),
(145, 'Hulu Sungai Utara', 13, '2019-11-01 01:43:09', '2019-11-01 01:43:09'),
(146, 'Humbang Hasundutan', 34, '2019-11-01 01:43:09', '2019-11-01 01:43:09'),
(147, 'Indragiri Hilir', 26, '2019-11-01 01:43:09', '2019-11-01 01:43:09'),
(148, 'Indragiri Hulu', 26, '2019-11-01 01:43:09', '2019-11-01 01:43:09'),
(149, 'Indramayu', 9, '2019-11-01 01:43:09', '2019-11-01 01:43:09'),
(150, 'Intan Jaya', 24, '2019-11-01 01:43:09', '2019-11-01 01:43:09'),
(151, 'Jakarta Barat', 6, '2019-11-01 01:43:09', '2019-11-01 01:43:09'),
(152, 'Jakarta Pusat', 6, '2019-11-01 01:43:09', '2019-11-01 01:43:09'),
(153, 'Jakarta Selatan', 6, '2019-11-01 01:43:09', '2019-11-01 01:43:09'),
(154, 'Jakarta Timur', 6, '2019-11-01 01:43:09', '2019-11-01 01:43:09'),
(155, 'Jakarta Utara', 6, '2019-11-01 01:43:09', '2019-11-01 01:43:09'),
(156, 'Jambi', 8, '2019-11-01 01:43:09', '2019-11-01 01:43:09'),
(157, 'Jayapura', 24, '2019-11-01 01:43:09', '2019-11-01 01:43:09'),
(158, 'Jayapura', 24, '2019-11-01 01:43:09', '2019-11-01 01:43:09'),
(159, 'Jayawijaya', 24, '2019-11-01 01:43:09', '2019-11-01 01:43:09'),
(160, 'Jember', 11, '2019-11-01 01:43:09', '2019-11-01 01:43:09'),
(161, 'Jembrana', 1, '2019-11-01 01:43:10', '2019-11-01 01:43:10'),
(162, 'Jeneponto', 28, '2019-11-01 01:43:10', '2019-11-01 01:43:10'),
(163, 'Jepara', 10, '2019-11-01 01:43:10', '2019-11-01 01:43:10'),
(164, 'Jombang', 11, '2019-11-01 01:43:10', '2019-11-01 01:43:10'),
(165, 'Kaimana', 25, '2019-11-01 01:43:10', '2019-11-01 01:43:10'),
(166, 'Kampar', 26, '2019-11-01 01:43:10', '2019-11-01 01:43:10'),
(167, 'Kapuas', 14, '2019-11-01 01:43:10', '2019-11-01 01:43:10'),
(168, 'Kapuas Hulu', 12, '2019-11-01 01:43:10', '2019-11-01 01:43:10'),
(169, 'Karanganyar', 10, '2019-11-01 01:43:10', '2019-11-01 01:43:10'),
(170, 'Karangasem', 1, '2019-11-01 01:43:10', '2019-11-01 01:43:10'),
(171, 'Karawang', 9, '2019-11-01 01:43:10', '2019-11-01 01:43:10'),
(172, 'Karimun', 17, '2019-11-01 01:43:10', '2019-11-01 01:43:10'),
(173, 'Karo', 34, '2019-11-01 01:43:10', '2019-11-01 01:43:10'),
(174, 'Katingan', 14, '2019-11-01 01:43:10', '2019-11-01 01:43:10'),
(175, 'Kaur', 4, '2019-11-01 01:43:10', '2019-11-01 01:43:10'),
(176, 'Kayong Utara', 12, '2019-11-01 01:43:10', '2019-11-01 01:43:10'),
(177, 'Kebumen', 10, '2019-11-01 01:43:10', '2019-11-01 01:43:10'),
(178, 'Kediri', 11, '2019-11-01 01:43:10', '2019-11-01 01:43:10'),
(179, 'Kediri', 11, '2019-11-01 01:43:10', '2019-11-01 01:43:10'),
(180, 'Keerom', 24, '2019-11-01 01:43:10', '2019-11-01 01:43:10'),
(181, 'Kendal', 10, '2019-11-01 01:43:10', '2019-11-01 01:43:10'),
(182, 'Kendari', 30, '2019-11-01 01:43:10', '2019-11-01 01:43:10'),
(183, 'Kepahiang', 4, '2019-11-01 01:43:10', '2019-11-01 01:43:10'),
(184, 'Kepulauan Anambas', 17, '2019-11-01 01:43:10', '2019-11-01 01:43:10'),
(185, 'Kepulauan Aru', 19, '2019-11-01 01:43:10', '2019-11-01 01:43:10'),
(186, 'Kepulauan Mentawai', 32, '2019-11-01 01:43:10', '2019-11-01 01:43:10'),
(187, 'Kepulauan Meranti', 26, '2019-11-01 01:43:10', '2019-11-01 01:43:10'),
(188, 'Kepulauan Sangihe', 31, '2019-11-01 01:43:10', '2019-11-01 01:43:10'),
(189, 'Kepulauan Seribu', 6, '2019-11-01 01:43:10', '2019-11-01 01:43:10'),
(190, 'Kepulauan Siau Tagulandang Biaro (Sitaro)', 31, '2019-11-01 01:43:10', '2019-11-01 01:43:10'),
(191, 'Kepulauan Sula', 20, '2019-11-01 01:43:10', '2019-11-01 01:43:10'),
(192, 'Kepulauan Talaud', 31, '2019-11-01 01:43:10', '2019-11-01 01:43:10'),
(193, 'Kepulauan Yapen (Yapen Waropen)', 24, '2019-11-01 01:43:10', '2019-11-01 01:43:10'),
(194, 'Kerinci', 8, '2019-11-01 01:43:11', '2019-11-01 01:43:11'),
(195, 'Ketapang', 12, '2019-11-01 01:43:11', '2019-11-01 01:43:11'),
(196, 'Klaten', 10, '2019-11-01 01:43:11', '2019-11-01 01:43:11'),
(197, 'Klungkung', 1, '2019-11-01 01:43:11', '2019-11-01 01:43:11'),
(198, 'Kolaka', 30, '2019-11-01 01:43:11', '2019-11-01 01:43:11'),
(199, 'Kolaka Utara', 30, '2019-11-01 01:43:11', '2019-11-01 01:43:11'),
(200, 'Konawe', 30, '2019-11-01 01:43:11', '2019-11-01 01:43:11'),
(201, 'Konawe Selatan', 30, '2019-11-01 01:43:11', '2019-11-01 01:43:11'),
(202, 'Konawe Utara', 30, '2019-11-01 01:43:11', '2019-11-01 01:43:11'),
(203, 'Kotabaru', 13, '2019-11-01 01:43:11', '2019-11-01 01:43:11'),
(204, 'Kotamobagu', 31, '2019-11-01 01:43:11', '2019-11-01 01:43:11'),
(205, 'Kotawaringin Barat', 14, '2019-11-01 01:43:11', '2019-11-01 01:43:11'),
(206, 'Kotawaringin Timur', 14, '2019-11-01 01:43:11', '2019-11-01 01:43:11'),
(207, 'Kuantan Singingi', 26, '2019-11-01 01:43:11', '2019-11-01 01:43:11'),
(208, 'Kubu Raya', 12, '2019-11-01 01:43:11', '2019-11-01 01:43:11'),
(209, 'Kudus', 10, '2019-11-01 01:43:11', '2019-11-01 01:43:11'),
(210, 'Kulon Progo', 5, '2019-11-01 01:43:11', '2019-11-01 01:43:11'),
(211, 'Kuningan', 9, '2019-11-01 01:43:11', '2019-11-01 01:43:11'),
(212, 'Kupang', 23, '2019-11-01 01:43:11', '2019-11-01 01:43:11'),
(213, 'Kupang', 23, '2019-11-01 01:43:11', '2019-11-01 01:43:11'),
(214, 'Kutai Barat', 15, '2019-11-01 01:43:11', '2019-11-01 01:43:11'),
(215, 'Kutai Kartanegara', 15, '2019-11-01 01:43:11', '2019-11-01 01:43:11'),
(216, 'Kutai Timur', 15, '2019-11-01 01:43:11', '2019-11-01 01:43:11'),
(217, 'Labuhan Batu', 34, '2019-11-01 01:43:11', '2019-11-01 01:43:11'),
(218, 'Labuhan Batu Selatan', 34, '2019-11-01 01:43:11', '2019-11-01 01:43:11'),
(219, 'Labuhan Batu Utara', 34, '2019-11-01 01:43:11', '2019-11-01 01:43:11'),
(220, 'Lahat', 33, '2019-11-01 01:43:12', '2019-11-01 01:43:12'),
(221, 'Lamandau', 14, '2019-11-01 01:43:12', '2019-11-01 01:43:12'),
(222, 'Lamongan', 11, '2019-11-01 01:43:12', '2019-11-01 01:43:12'),
(223, 'Lampung Barat', 18, '2019-11-01 01:43:12', '2019-11-01 01:43:12'),
(224, 'Lampung Selatan', 18, '2019-11-01 01:43:12', '2019-11-01 01:43:12'),
(225, 'Lampung Tengah', 18, '2019-11-01 01:43:12', '2019-11-01 01:43:12'),
(226, 'Lampung Timur', 18, '2019-11-01 01:43:12', '2019-11-01 01:43:12'),
(227, 'Lampung Utara', 18, '2019-11-01 01:43:12', '2019-11-01 01:43:12'),
(228, 'Landak', 12, '2019-11-01 01:43:12', '2019-11-01 01:43:12'),
(229, 'Langkat', 34, '2019-11-01 01:43:12', '2019-11-01 01:43:12'),
(230, 'Langsa', 21, '2019-11-01 01:43:12', '2019-11-01 01:43:12'),
(231, 'Lanny Jaya', 24, '2019-11-01 01:43:12', '2019-11-01 01:43:12'),
(232, 'Lebak', 3, '2019-11-01 01:43:12', '2019-11-01 01:43:12'),
(233, 'Lebong', 4, '2019-11-01 01:43:12', '2019-11-01 01:43:12'),
(234, 'Lembata', 23, '2019-11-01 01:43:12', '2019-11-01 01:43:12'),
(235, 'Lhokseumawe', 21, '2019-11-01 01:43:12', '2019-11-01 01:43:12'),
(236, 'Lima Puluh Koto/Kota', 32, '2019-11-01 01:43:12', '2019-11-01 01:43:12'),
(237, 'Lingga', 17, '2019-11-01 01:43:12', '2019-11-01 01:43:12'),
(238, 'Lombok Barat', 22, '2019-11-01 01:43:12', '2019-11-01 01:43:12'),
(239, 'Lombok Tengah', 22, '2019-11-01 01:43:12', '2019-11-01 01:43:12'),
(240, 'Lombok Timur', 22, '2019-11-01 01:43:12', '2019-11-01 01:43:12'),
(241, 'Lombok Utara', 22, '2019-11-01 01:43:12', '2019-11-01 01:43:12'),
(242, 'Lubuk Linggau', 33, '2019-11-01 01:43:12', '2019-11-01 01:43:12'),
(243, 'Lumajang', 11, '2019-11-01 01:43:12', '2019-11-01 01:43:12'),
(244, 'Luwu', 28, '2019-11-01 01:43:12', '2019-11-01 01:43:12'),
(245, 'Luwu Timur', 28, '2019-11-01 01:43:12', '2019-11-01 01:43:12'),
(246, 'Luwu Utara', 28, '2019-11-01 01:43:13', '2019-11-01 01:43:13'),
(247, 'Madiun', 11, '2019-11-01 01:43:13', '2019-11-01 01:43:13'),
(248, 'Madiun', 11, '2019-11-01 01:43:13', '2019-11-01 01:43:13'),
(249, 'Magelang', 10, '2019-11-01 01:43:13', '2019-11-01 01:43:13'),
(250, 'Magelang', 10, '2019-11-01 01:43:13', '2019-11-01 01:43:13'),
(251, 'Magetan', 11, '2019-11-01 01:43:13', '2019-11-01 01:43:13'),
(252, 'Majalengka', 9, '2019-11-01 01:43:13', '2019-11-01 01:43:13'),
(253, 'Majene', 27, '2019-11-01 01:43:13', '2019-11-01 01:43:13'),
(254, 'Makassar', 28, '2019-11-01 01:43:13', '2019-11-01 01:43:13'),
(255, 'Malang', 11, '2019-11-01 01:43:13', '2019-11-01 01:43:13'),
(256, 'Malang', 11, '2019-11-01 01:43:13', '2019-11-01 01:43:13'),
(257, 'Malinau', 16, '2019-11-01 01:43:13', '2019-11-01 01:43:13'),
(258, 'Maluku Barat Daya', 19, '2019-11-01 01:43:13', '2019-11-01 01:43:13'),
(259, 'Maluku Tengah', 19, '2019-11-01 01:43:13', '2019-11-01 01:43:13'),
(260, 'Maluku Tenggara', 19, '2019-11-01 01:43:13', '2019-11-01 01:43:13'),
(261, 'Maluku Tenggara Barat', 19, '2019-11-01 01:43:13', '2019-11-01 01:43:13'),
(262, 'Mamasa', 27, '2019-11-01 01:43:13', '2019-11-01 01:43:13'),
(263, 'Mamberamo Raya', 24, '2019-11-01 01:43:13', '2019-11-01 01:43:13'),
(264, 'Mamberamo Tengah', 24, '2019-11-01 01:43:13', '2019-11-01 01:43:13'),
(265, 'Mamuju', 27, '2019-11-01 01:43:13', '2019-11-01 01:43:13'),
(266, 'Mamuju Utara', 27, '2019-11-01 01:43:13', '2019-11-01 01:43:13'),
(267, 'Manado', 31, '2019-11-01 01:43:13', '2019-11-01 01:43:13'),
(268, 'Mandailing Natal', 34, '2019-11-01 01:43:13', '2019-11-01 01:43:13'),
(269, 'Manggarai', 23, '2019-11-01 01:43:13', '2019-11-01 01:43:13'),
(270, 'Manggarai Barat', 23, '2019-11-01 01:43:13', '2019-11-01 01:43:13'),
(271, 'Manggarai Timur', 23, '2019-11-01 01:43:13', '2019-11-01 01:43:13'),
(272, 'Manokwari', 25, '2019-11-01 01:43:14', '2019-11-01 01:43:14'),
(273, 'Manokwari Selatan', 25, '2019-11-01 01:43:14', '2019-11-01 01:43:14'),
(274, 'Mappi', 24, '2019-11-01 01:43:14', '2019-11-01 01:43:14'),
(275, 'Maros', 28, '2019-11-01 01:43:14', '2019-11-01 01:43:14'),
(276, 'Mataram', 22, '2019-11-01 01:43:14', '2019-11-01 01:43:14'),
(277, 'Maybrat', 25, '2019-11-01 01:43:14', '2019-11-01 01:43:14'),
(278, 'Medan', 34, '2019-11-01 01:43:14', '2019-11-01 01:43:14'),
(279, 'Melawi', 12, '2019-11-01 01:43:14', '2019-11-01 01:43:14'),
(280, 'Merangin', 8, '2019-11-01 01:43:14', '2019-11-01 01:43:14'),
(281, 'Merauke', 24, '2019-11-01 01:43:14', '2019-11-01 01:43:14'),
(282, 'Mesuji', 18, '2019-11-01 01:43:14', '2019-11-01 01:43:14'),
(283, 'Metro', 18, '2019-11-01 01:43:14', '2019-11-01 01:43:14'),
(284, 'Mimika', 24, '2019-11-01 01:43:14', '2019-11-01 01:43:14'),
(285, 'Minahasa', 31, '2019-11-01 01:43:14', '2019-11-01 01:43:14'),
(286, 'Minahasa Selatan', 31, '2019-11-01 01:43:14', '2019-11-01 01:43:14'),
(287, 'Minahasa Tenggara', 31, '2019-11-01 01:43:14', '2019-11-01 01:43:14'),
(288, 'Minahasa Utara', 31, '2019-11-01 01:43:14', '2019-11-01 01:43:14'),
(289, 'Mojokerto', 11, '2019-11-01 01:43:14', '2019-11-01 01:43:14'),
(290, 'Mojokerto', 11, '2019-11-01 01:43:14', '2019-11-01 01:43:14'),
(291, 'Morowali', 29, '2019-11-01 01:43:14', '2019-11-01 01:43:14'),
(292, 'Muara Enim', 33, '2019-11-01 01:43:14', '2019-11-01 01:43:14'),
(293, 'Muaro Jambi', 8, '2019-11-01 01:43:15', '2019-11-01 01:43:15'),
(294, 'Muko Muko', 4, '2019-11-01 01:43:15', '2019-11-01 01:43:15'),
(295, 'Muna', 30, '2019-11-01 01:43:15', '2019-11-01 01:43:15'),
(296, 'Murung Raya', 14, '2019-11-01 01:43:15', '2019-11-01 01:43:15'),
(297, 'Musi Banyuasin', 33, '2019-11-01 01:43:15', '2019-11-01 01:43:15'),
(298, 'Musi Rawas', 33, '2019-11-01 01:43:15', '2019-11-01 01:43:15'),
(299, 'Nabire', 24, '2019-11-01 01:43:15', '2019-11-01 01:43:15'),
(300, 'Nagan Raya', 21, '2019-11-01 01:43:15', '2019-11-01 01:43:15'),
(301, 'Nagekeo', 23, '2019-11-01 01:43:15', '2019-11-01 01:43:15'),
(302, 'Natuna', 17, '2019-11-01 01:43:15', '2019-11-01 01:43:15'),
(303, 'Nduga', 24, '2019-11-01 01:43:15', '2019-11-01 01:43:15'),
(304, 'Ngada', 23, '2019-11-01 01:43:15', '2019-11-01 01:43:15'),
(305, 'Nganjuk', 11, '2019-11-01 01:43:15', '2019-11-01 01:43:15'),
(306, 'Ngawi', 11, '2019-11-01 01:43:15', '2019-11-01 01:43:15'),
(307, 'Nias', 34, '2019-11-01 01:43:15', '2019-11-01 01:43:15'),
(308, 'Nias Barat', 34, '2019-11-01 01:43:15', '2019-11-01 01:43:15'),
(309, 'Nias Selatan', 34, '2019-11-01 01:43:15', '2019-11-01 01:43:15'),
(310, 'Nias Utara', 34, '2019-11-01 01:43:15', '2019-11-01 01:43:15'),
(311, 'Nunukan', 16, '2019-11-01 01:43:15', '2019-11-01 01:43:15'),
(312, 'Ogan Ilir', 33, '2019-11-01 01:43:15', '2019-11-01 01:43:15'),
(313, 'Ogan Komering Ilir', 33, '2019-11-01 01:43:15', '2019-11-01 01:43:15'),
(314, 'Ogan Komering Ulu', 33, '2019-11-01 01:43:16', '2019-11-01 01:43:16'),
(315, 'Ogan Komering Ulu Selatan', 33, '2019-11-01 01:43:16', '2019-11-01 01:43:16'),
(316, 'Ogan Komering Ulu Timur', 33, '2019-11-01 01:43:16', '2019-11-01 01:43:16'),
(317, 'Pacitan', 11, '2019-11-01 01:43:16', '2019-11-01 01:43:16'),
(318, 'Padang', 32, '2019-11-01 01:43:16', '2019-11-01 01:43:16'),
(319, 'Padang Lawas', 34, '2019-11-01 01:43:16', '2019-11-01 01:43:16'),
(320, 'Padang Lawas Utara', 34, '2019-11-01 01:43:16', '2019-11-01 01:43:16'),
(321, 'Padang Panjang', 32, '2019-11-01 01:43:16', '2019-11-01 01:43:16'),
(322, 'Padang Pariaman', 32, '2019-11-01 01:43:16', '2019-11-01 01:43:16'),
(323, 'Padang Sidempuan', 34, '2019-11-01 01:43:16', '2019-11-01 01:43:16'),
(324, 'Pagar Alam', 33, '2019-11-01 01:43:16', '2019-11-01 01:43:16'),
(325, 'Pakpak Bharat', 34, '2019-11-01 01:43:16', '2019-11-01 01:43:16'),
(326, 'Palangka Raya', 14, '2019-11-01 01:43:16', '2019-11-01 01:43:16'),
(327, 'Palembang', 33, '2019-11-01 01:43:16', '2019-11-01 01:43:16'),
(328, 'Palopo', 28, '2019-11-01 01:43:16', '2019-11-01 01:43:16'),
(329, 'Palu', 29, '2019-11-01 01:43:16', '2019-11-01 01:43:16'),
(330, 'Pamekasan', 11, '2019-11-01 01:43:16', '2019-11-01 01:43:16'),
(331, 'Pandeglang', 3, '2019-11-01 01:43:16', '2019-11-01 01:43:16'),
(332, 'Pangandaran', 9, '2019-11-01 01:43:16', '2019-11-01 01:43:16'),
(333, 'Pangkajene Kepulauan', 28, '2019-11-01 01:43:16', '2019-11-01 01:43:16'),
(334, 'Pangkal Pinang', 2, '2019-11-01 01:43:16', '2019-11-01 01:43:16'),
(335, 'Paniai', 24, '2019-11-01 01:43:16', '2019-11-01 01:43:16'),
(336, 'Parepare', 28, '2019-11-01 01:43:16', '2019-11-01 01:43:16'),
(337, 'Pariaman', 32, '2019-11-01 01:43:16', '2019-11-01 01:43:16'),
(338, 'Parigi Moutong', 29, '2019-11-01 01:43:16', '2019-11-01 01:43:16'),
(339, 'Pasaman', 32, '2019-11-01 01:43:17', '2019-11-01 01:43:17'),
(340, 'Pasaman Barat', 32, '2019-11-01 01:43:17', '2019-11-01 01:43:17'),
(341, 'Paser', 15, '2019-11-01 01:43:17', '2019-11-01 01:43:17'),
(342, 'Pasuruan', 11, '2019-11-01 01:43:17', '2019-11-01 01:43:17'),
(343, 'Pasuruan', 11, '2019-11-01 01:43:17', '2019-11-01 01:43:17'),
(344, 'Pati', 10, '2019-11-01 01:43:17', '2019-11-01 01:43:17'),
(345, 'Payakumbuh', 32, '2019-11-01 01:43:17', '2019-11-01 01:43:17'),
(346, 'Pegunungan Arfak', 25, '2019-11-01 01:43:17', '2019-11-01 01:43:17'),
(347, 'Pegunungan Bintang', 24, '2019-11-01 01:43:17', '2019-11-01 01:43:17'),
(348, 'Pekalongan', 10, '2019-11-01 01:43:17', '2019-11-01 01:43:17'),
(349, 'Pekalongan', 10, '2019-11-01 01:43:17', '2019-11-01 01:43:17'),
(350, 'Pekanbaru', 26, '2019-11-01 01:43:17', '2019-11-01 01:43:17'),
(351, 'Pelalawan', 26, '2019-11-01 01:43:17', '2019-11-01 01:43:17'),
(352, 'Pemalang', 10, '2019-11-01 01:43:17', '2019-11-01 01:43:17'),
(353, 'Pematang Siantar', 34, '2019-11-01 01:43:17', '2019-11-01 01:43:17'),
(354, 'Penajam Paser Utara', 15, '2019-11-01 01:43:17', '2019-11-01 01:43:17'),
(355, 'Pesawaran', 18, '2019-11-01 01:43:17', '2019-11-01 01:43:17'),
(356, 'Pesisir Barat', 18, '2019-11-01 01:43:17', '2019-11-01 01:43:17'),
(357, 'Pesisir Selatan', 32, '2019-11-01 01:43:17', '2019-11-01 01:43:17'),
(358, 'Pidie', 21, '2019-11-01 01:43:17', '2019-11-01 01:43:17'),
(359, 'Pidie Jaya', 21, '2019-11-01 01:43:17', '2019-11-01 01:43:17'),
(360, 'Pinrang', 28, '2019-11-01 01:43:17', '2019-11-01 01:43:17'),
(361, 'Pohuwato', 7, '2019-11-01 01:43:17', '2019-11-01 01:43:17'),
(362, 'Polewali Mandar', 27, '2019-11-01 01:43:18', '2019-11-01 01:43:18'),
(363, 'Ponorogo', 11, '2019-11-01 01:43:18', '2019-11-01 01:43:18'),
(364, 'Pontianak', 12, '2019-11-01 01:43:18', '2019-11-01 01:43:18'),
(365, 'Pontianak', 12, '2019-11-01 01:43:18', '2019-11-01 01:43:18'),
(366, 'Poso', 29, '2019-11-01 01:43:18', '2019-11-01 01:43:18'),
(367, 'Prabumulih', 33, '2019-11-01 01:43:18', '2019-11-01 01:43:18'),
(368, 'Pringsewu', 18, '2019-11-01 01:43:18', '2019-11-01 01:43:18'),
(369, 'Probolinggo', 11, '2019-11-01 01:43:18', '2019-11-01 01:43:18'),
(370, 'Probolinggo', 11, '2019-11-01 01:43:18', '2019-11-01 01:43:18'),
(371, 'Pulang Pisau', 14, '2019-11-01 01:43:18', '2019-11-01 01:43:18'),
(372, 'Pulau Morotai', 20, '2019-11-01 01:43:18', '2019-11-01 01:43:18'),
(373, 'Puncak', 24, '2019-11-01 01:43:18', '2019-11-01 01:43:18'),
(374, 'Puncak Jaya', 24, '2019-11-01 01:43:18', '2019-11-01 01:43:18'),
(375, 'Purbalingga', 10, '2019-11-01 01:43:18', '2019-11-01 01:43:18'),
(376, 'Purwakarta', 9, '2019-11-01 01:43:18', '2019-11-01 01:43:18'),
(377, 'Purworejo', 10, '2019-11-01 01:43:18', '2019-11-01 01:43:18'),
(378, 'Raja Ampat', 25, '2019-11-01 01:43:18', '2019-11-01 01:43:18'),
(379, 'Rejang Lebong', 4, '2019-11-01 01:43:18', '2019-11-01 01:43:18'),
(380, 'Rembang', 10, '2019-11-01 01:43:18', '2019-11-01 01:43:18'),
(381, 'Rokan Hilir', 26, '2019-11-01 01:43:19', '2019-11-01 01:43:19'),
(382, 'Rokan Hulu', 26, '2019-11-01 01:43:19', '2019-11-01 01:43:19'),
(383, 'Rote Ndao', 23, '2019-11-01 01:43:19', '2019-11-01 01:43:19'),
(384, 'Sabang', 21, '2019-11-01 01:43:19', '2019-11-01 01:43:19'),
(385, 'Sabu Raijua', 23, '2019-11-01 01:43:19', '2019-11-01 01:43:19'),
(386, 'Salatiga', 10, '2019-11-01 01:43:19', '2019-11-01 01:43:19'),
(387, 'Samarinda', 15, '2019-11-01 01:43:19', '2019-11-01 01:43:19'),
(388, 'Sambas', 12, '2019-11-01 01:43:19', '2019-11-01 01:43:19'),
(389, 'Samosir', 34, '2019-11-01 01:43:19', '2019-11-01 01:43:19'),
(390, 'Sampang', 11, '2019-11-01 01:43:19', '2019-11-01 01:43:19'),
(391, 'Sanggau', 12, '2019-11-01 01:43:19', '2019-11-01 01:43:19'),
(392, 'Sarmi', 24, '2019-11-01 01:43:19', '2019-11-01 01:43:19'),
(393, 'Sarolangun', 8, '2019-11-01 01:43:19', '2019-11-01 01:43:19'),
(394, 'Sawah Lunto', 32, '2019-11-01 01:43:19', '2019-11-01 01:43:19'),
(395, 'Sekadau', 12, '2019-11-01 01:43:19', '2019-11-01 01:43:19'),
(396, 'Selayar (Kepulauan Selayar)', 28, '2019-11-01 01:43:19', '2019-11-01 01:43:19'),
(397, 'Seluma', 4, '2019-11-01 01:43:19', '2019-11-01 01:43:19'),
(398, 'Semarang', 10, '2019-11-01 01:43:19', '2019-11-01 01:43:19'),
(399, 'Semarang', 10, '2019-11-01 01:43:19', '2019-11-01 01:43:19'),
(400, 'Seram Bagian Barat', 19, '2019-11-01 01:43:19', '2019-11-01 01:43:19'),
(401, 'Seram Bagian Timur', 19, '2019-11-01 01:43:19', '2019-11-01 01:43:19'),
(402, 'Serang', 3, '2019-11-01 01:43:19', '2019-11-01 01:43:19'),
(403, 'Serang', 3, '2019-11-01 01:43:19', '2019-11-01 01:43:19'),
(404, 'Serdang Bedagai', 34, '2019-11-01 01:43:19', '2019-11-01 01:43:19'),
(405, 'Seruyan', 14, '2019-11-01 01:43:20', '2019-11-01 01:43:20'),
(406, 'Siak', 26, '2019-11-01 01:43:20', '2019-11-01 01:43:20'),
(407, 'Sibolga', 34, '2019-11-01 01:43:20', '2019-11-01 01:43:20'),
(408, 'Sidenreng Rappang/Rapang', 28, '2019-11-01 01:43:20', '2019-11-01 01:43:20'),
(409, 'Sidoarjo', 11, '2019-11-01 01:43:20', '2019-11-01 01:43:20'),
(410, 'Sigi', 29, '2019-11-01 01:43:20', '2019-11-01 01:43:20'),
(411, 'Sijunjung (Sawah Lunto Sijunjung)', 32, '2019-11-01 01:43:20', '2019-11-01 01:43:20'),
(412, 'Sikka', 23, '2019-11-01 01:43:20', '2019-11-01 01:43:20'),
(413, 'Simalungun', 34, '2019-11-01 01:43:20', '2019-11-01 01:43:20'),
(414, 'Simeulue', 21, '2019-11-01 01:43:20', '2019-11-01 01:43:20'),
(415, 'Singkawang', 12, '2019-11-01 01:43:20', '2019-11-01 01:43:20'),
(416, 'Sinjai', 28, '2019-11-01 01:43:20', '2019-11-01 01:43:20'),
(417, 'Sintang', 12, '2019-11-01 01:43:20', '2019-11-01 01:43:20'),
(418, 'Situbondo', 11, '2019-11-01 01:43:20', '2019-11-01 01:43:20'),
(419, 'Sleman', 5, '2019-11-01 01:43:20', '2019-11-01 01:43:20'),
(420, 'Solok', 32, '2019-11-01 01:43:20', '2019-11-01 01:43:20'),
(421, 'Solok', 32, '2019-11-01 01:43:20', '2019-11-01 01:43:20'),
(422, 'Solok Selatan', 32, '2019-11-01 01:43:20', '2019-11-01 01:43:20'),
(423, 'Soppeng', 28, '2019-11-01 01:43:20', '2019-11-01 01:43:20'),
(424, 'Sorong', 25, '2019-11-01 01:43:20', '2019-11-01 01:43:20'),
(425, 'Sorong', 25, '2019-11-01 01:43:20', '2019-11-01 01:43:20'),
(426, 'Sorong Selatan', 25, '2019-11-01 01:43:20', '2019-11-01 01:43:20'),
(427, 'Sragen', 10, '2019-11-01 01:43:20', '2019-11-01 01:43:20'),
(428, 'Subang', 9, '2019-11-01 01:43:20', '2019-11-01 01:43:20'),
(429, 'Subulussalam', 21, '2019-11-01 01:43:20', '2019-11-01 01:43:20'),
(430, 'Sukabumi', 9, '2019-11-01 01:43:20', '2019-11-01 01:43:20'),
(431, 'Sukabumi', 9, '2019-11-01 01:43:20', '2019-11-01 01:43:20'),
(432, 'Sukamara', 14, '2019-11-01 01:43:21', '2019-11-01 01:43:21'),
(433, 'Sukoharjo', 10, '2019-11-01 01:43:21', '2019-11-01 01:43:21'),
(434, 'Sumba Barat', 23, '2019-11-01 01:43:21', '2019-11-01 01:43:21'),
(435, 'Sumba Barat Daya', 23, '2019-11-01 01:43:21', '2019-11-01 01:43:21'),
(436, 'Sumba Tengah', 23, '2019-11-01 01:43:21', '2019-11-01 01:43:21'),
(437, 'Sumba Timur', 23, '2019-11-01 01:43:21', '2019-11-01 01:43:21'),
(438, 'Sumbawa', 22, '2019-11-01 01:43:21', '2019-11-01 01:43:21'),
(439, 'Sumbawa Barat', 22, '2019-11-01 01:43:21', '2019-11-01 01:43:21'),
(440, 'Sumedang', 9, '2019-11-01 01:43:21', '2019-11-01 01:43:21'),
(441, 'Sumenep', 11, '2019-11-01 01:43:21', '2019-11-01 01:43:21'),
(442, 'Sungaipenuh', 8, '2019-11-01 01:43:21', '2019-11-01 01:43:21'),
(443, 'Supiori', 24, '2019-11-01 01:43:21', '2019-11-01 01:43:21'),
(444, 'Surabaya', 11, '2019-11-01 01:43:21', '2019-11-01 01:43:21'),
(445, 'Surakarta (Solo)', 10, '2019-11-01 01:43:21', '2019-11-01 01:43:21'),
(446, 'Tabalong', 13, '2019-11-01 01:43:21', '2019-11-01 01:43:21'),
(447, 'Tabanan', 1, '2019-11-01 01:43:21', '2019-11-01 01:43:21'),
(448, 'Takalar', 28, '2019-11-01 01:43:21', '2019-11-01 01:43:21'),
(449, 'Tambrauw', 25, '2019-11-01 01:43:21', '2019-11-01 01:43:21'),
(450, 'Tana Tidung', 16, '2019-11-01 01:43:21', '2019-11-01 01:43:21'),
(451, 'Tana Toraja', 28, '2019-11-01 01:43:21', '2019-11-01 01:43:21'),
(452, 'Tanah Bumbu', 13, '2019-11-01 01:43:21', '2019-11-01 01:43:21'),
(453, 'Tanah Datar', 32, '2019-11-01 01:43:21', '2019-11-01 01:43:21'),
(454, 'Tanah Laut', 13, '2019-11-01 01:43:21', '2019-11-01 01:43:21'),
(455, 'Tangerang', 3, '2019-11-01 01:43:21', '2019-11-01 01:43:21'),
(456, 'Tangerang', 3, '2019-11-01 01:43:21', '2019-11-01 01:43:21'),
(457, 'Tangerang Selatan', 3, '2019-11-01 01:43:21', '2019-11-01 01:43:21'),
(458, 'Tanggamus', 18, '2019-11-01 01:43:22', '2019-11-01 01:43:22'),
(459, 'Tanjung Balai', 34, '2019-11-01 01:43:22', '2019-11-01 01:43:22'),
(460, 'Tanjung Jabung Barat', 8, '2019-11-01 01:43:22', '2019-11-01 01:43:22'),
(461, 'Tanjung Jabung Timur', 8, '2019-11-01 01:43:22', '2019-11-01 01:43:22'),
(462, 'Tanjung Pinang', 17, '2019-11-01 01:43:22', '2019-11-01 01:43:22'),
(463, 'Tapanuli Selatan', 34, '2019-11-01 01:43:22', '2019-11-01 01:43:22'),
(464, 'Tapanuli Tengah', 34, '2019-11-01 01:43:22', '2019-11-01 01:43:22'),
(465, 'Tapanuli Utara', 34, '2019-11-01 01:43:22', '2019-11-01 01:43:22'),
(466, 'Tapin', 13, '2019-11-01 01:43:22', '2019-11-01 01:43:22'),
(467, 'Tarakan', 16, '2019-11-01 01:43:22', '2019-11-01 01:43:22'),
(468, 'Tasikmalaya', 9, '2019-11-01 01:43:22', '2019-11-01 01:43:22'),
(469, 'Tasikmalaya', 9, '2019-11-01 01:43:22', '2019-11-01 01:43:22'),
(470, 'Tebing Tinggi', 34, '2019-11-01 01:43:22', '2019-11-01 01:43:22'),
(471, 'Tebo', 8, '2019-11-01 01:43:22', '2019-11-01 01:43:22'),
(472, 'Tegal', 10, '2019-11-01 01:43:22', '2019-11-01 01:43:22'),
(473, 'Tegal', 10, '2019-11-01 01:43:22', '2019-11-01 01:43:22'),
(474, 'Teluk Bintuni', 25, '2019-11-01 01:43:22', '2019-11-01 01:43:22'),
(475, 'Teluk Wondama', 25, '2019-11-01 01:43:22', '2019-11-01 01:43:22'),
(476, 'Temanggung', 10, '2019-11-01 01:43:22', '2019-11-01 01:43:22'),
(477, 'Ternate', 20, '2019-11-01 01:43:22', '2019-11-01 01:43:22'),
(478, 'Tidore Kepulauan', 20, '2019-11-01 01:43:22', '2019-11-01 01:43:22'),
(479, 'Timor Tengah Selatan', 23, '2019-11-01 01:43:22', '2019-11-01 01:43:22'),
(480, 'Timor Tengah Utara', 23, '2019-11-01 01:43:22', '2019-11-01 01:43:22'),
(481, 'Toba Samosir', 34, '2019-11-01 01:43:22', '2019-11-01 01:43:22'),
(482, 'Tojo Una-Una', 29, '2019-11-01 01:43:22', '2019-11-01 01:43:22'),
(483, 'Toli-Toli', 29, '2019-11-01 01:43:22', '2019-11-01 01:43:22'),
(484, 'Tolikara', 24, '2019-11-01 01:43:22', '2019-11-01 01:43:22'),
(485, 'Tomohon', 31, '2019-11-01 01:43:23', '2019-11-01 01:43:23'),
(486, 'Toraja Utara', 28, '2019-11-01 01:43:23', '2019-11-01 01:43:23'),
(487, 'Trenggalek', 11, '2019-11-01 01:43:23', '2019-11-01 01:43:23'),
(488, 'Tual', 19, '2019-11-01 01:43:23', '2019-11-01 01:43:23'),
(489, 'Tuban', 11, '2019-11-01 01:43:23', '2019-11-01 01:43:23'),
(490, 'Tulang Bawang', 18, '2019-11-01 01:43:23', '2019-11-01 01:43:23'),
(491, 'Tulang Bawang Barat', 18, '2019-11-01 01:43:23', '2019-11-01 01:43:23'),
(492, 'Tulungagung', 11, '2019-11-01 01:43:23', '2019-11-01 01:43:23'),
(493, 'Wajo', 28, '2019-11-01 01:43:23', '2019-11-01 01:43:23'),
(494, 'Wakatobi', 30, '2019-11-01 01:43:23', '2019-11-01 01:43:23'),
(495, 'Waropen', 24, '2019-11-01 01:43:23', '2019-11-01 01:43:23'),
(496, 'Way Kanan', 18, '2019-11-01 01:43:23', '2019-11-01 01:43:23'),
(497, 'Wonogiri', 10, '2019-11-01 01:43:23', '2019-11-01 01:43:23'),
(498, 'Wonosobo', 10, '2019-11-01 01:43:23', '2019-11-01 01:43:23'),
(499, 'Yahukimo', 24, '2019-11-01 01:43:23', '2019-11-01 01:43:23'),
(500, 'Yalimo', 24, '2019-11-01 01:43:23', '2019-11-01 01:43:23'),
(501, 'Yogyakarta', 5, '2019-11-01 01:43:23', '2019-11-01 01:43:23');

-- --------------------------------------------------------

--
-- Struktur dari tabel `kategori`
--

CREATE TABLE `kategori` (
  `kategori_id` int(10) UNSIGNED NOT NULL,
  `kategori_nama` varchar(40) COLLATE utf8mb4_unicode_ci NOT NULL,
  `kategori_deskripsi` varchar(191) COLLATE utf8mb4_unicode_ci NOT NULL DEFAULT 'Tidak Ada Deskripsi'
) ENGINE=InnoDB DEFAULT CHARSET=utf8mb4 COLLATE=utf8mb4_unicode_ci ROW_FORMAT=DYNAMIC;

--
-- Dumping data untuk tabel `kategori`
--

INSERT INTO `kategori` (`kategori_id`, `kategori_nama`, `kategori_deskripsi`) VALUES
(1, 'Sayuran', 'Kategori Sayuran');

-- --------------------------------------------------------

--
-- Struktur dari tabel `kemasan`
--

CREATE TABLE `kemasan` (
  `kemasan_id` int(10) UNSIGNED NOT NULL,
  `kemasan_kode` varchar(5) COLLATE utf8mb4_unicode_ci NOT NULL,
  `kemasan_deskripsi` varchar(25) COLLATE utf8mb4_unicode_ci NOT NULL DEFAULT 'Tidak Ada Deskripsi',
  `kemasan_gram` int(11) NOT NULL
) ENGINE=InnoDB DEFAULT CHARSET=utf8mb4 COLLATE=utf8mb4_unicode_ci ROW_FORMAT=DYNAMIC;

--
-- Dumping data untuk tabel `kemasan`
--

INSERT INTO `kemasan` (`kemasan_id`, `kemasan_kode`, `kemasan_deskripsi`, `kemasan_gram`) VALUES
(1, 'KG', 'Dijual per kilogram', 1000),
(2, 'G', 'Dijual per gram', 1);

-- --------------------------------------------------------

--
-- Struktur dari tabel `keranjang`
--

CREATE TABLE `keranjang` (
  `keranjang_id` int(10) UNSIGNED NOT NULL,
  `keranjang_produk` int(10) UNSIGNED NOT NULL,
  `keranjang_pelanggan` int(10) UNSIGNED NOT NULL,
  `keranjang_jumlah` int(11) NOT NULL DEFAULT '1'
) ENGINE=InnoDB DEFAULT CHARSET=utf8mb4 COLLATE=utf8mb4_unicode_ci ROW_FORMAT=DYNAMIC;

--
-- Dumping data untuk tabel `keranjang`
--

INSERT INTO `keranjang` (`keranjang_id`, `keranjang_produk`, `keranjang_pelanggan`, `keranjang_jumlah`) VALUES
(3, 3, 3, 10);

-- --------------------------------------------------------

--
-- Struktur dari tabel `migrations`
--

CREATE TABLE `migrations` (
  `id` int(10) UNSIGNED NOT NULL,
  `migration` varchar(191) COLLATE utf8mb4_unicode_ci NOT NULL,
  `batch` int(11) NOT NULL
) ENGINE=InnoDB DEFAULT CHARSET=utf8mb4 COLLATE=utf8mb4_unicode_ci ROW_FORMAT=DYNAMIC;

--
-- Dumping data untuk tabel `migrations`
--

INSERT INTO `migrations` (`id`, `migration`, `batch`) VALUES
(24, '2019_10_23_162909_create_provinces_table', 1),
(25, '2019_10_23_162937_create_cities_table', 1),
(26, '2019_10_23_162951_create_couriers_table', 1),
(58, '2019_09_20_012558_create_pengunjung_table', 2),
(59, '2019_09_20_032926_create_admin_table', 2),
(60, '2019_09_20_033001_create_province_table', 2),
(61, '2019_09_20_033002_create_kategori_table', 2),
(62, '2019_09_20_033004_create_kemasan_table', 2),
(63, '2019_09_20_033005_create_city_table', 2),
(64, '2019_09_20_033006_create_pelanggan_table', 2),
(65, '2019_09_20_033007_create_produk_table', 2),
(66, '2019_09_20_041909_create_pesanan_table', 2),
(67, '2019_09_20_041959_create_transaksi_table', 2),
(68, '2019_09_20_145546_create_keranjang_table', 2);

-- --------------------------------------------------------

--
-- Struktur dari tabel `pelanggan`
--

CREATE TABLE `pelanggan` (
  `pelanggan_id` int(10) UNSIGNED NOT NULL,
  `pelanggan_email` varchar(191) COLLATE utf8mb4_unicode_ci NOT NULL,
  `pelanggan_password` varchar(255) COLLATE utf8mb4_unicode_ci NOT NULL,
  `pelanggan_nama` varchar(40) COLLATE utf8mb4_unicode_ci NOT NULL,
  `pelanggan_kontak` varchar(20) COLLATE utf8mb4_unicode_ci NOT NULL,
  `pelanggan_alamat` varchar(191) COLLATE utf8mb4_unicode_ci NOT NULL,
  `pelanggan_city` int(10) UNSIGNED NOT NULL,
  `pelanggan_province` int(10) UNSIGNED NOT NULL,
  `saldo` double NOT NULL DEFAULT '0'
) ENGINE=InnoDB DEFAULT CHARSET=utf8mb4 COLLATE=utf8mb4_unicode_ci ROW_FORMAT=DYNAMIC;

--
-- Dumping data untuk tabel `pelanggan`
--

INSERT INTO `pelanggan` (`pelanggan_id`, `pelanggan_email`, `pelanggan_password`, `pelanggan_nama`, `pelanggan_kontak`, `pelanggan_alamat`, `pelanggan_city`, `pelanggan_province`, `saldo`) VALUES
(1, 'a@gmail.com', '$2y$10$s30vS80hP9s6LDtImDaVs.91vBXwrIVLn1JpYzLDSS8xudKbWEa0W', 'a', '123123123123', 'a', 42, 11, 2570000),
(2, 'b@gmail.com', '$2y$10$h3KJoBRF9uHpzV.yxC19OerIUfLgac2Hh7AkVWzZH0YR3CVjzt8Pu', 'b', '123123123123', 'b', 160, 11, 6190000),
(3, 'c@gmail.com', '$2y$10$MuqgmAAHEO0kNEaMgUxm1.xuqS3LLN7F/ypz5nQRw/RQoRtdXWF1.', 'c', '123123123123', 'c', 31, 11, 0);

-- --------------------------------------------------------

--
-- Struktur dari tabel `pengunjung`
--

CREATE TABLE `pengunjung` (
  `pengunjung_id` int(10) UNSIGNED NOT NULL,
  `pengunjung_lp` varchar(191) COLLATE utf8mb4_unicode_ci NOT NULL,
  `pengunjung_perangkat` varchar(191) COLLATE utf8mb4_unicode_ci NOT NULL,
  `pengunjung_waktu` datetime NOT NULL DEFAULT CURRENT_TIMESTAMP
) ENGINE=InnoDB DEFAULT CHARSET=utf8mb4 COLLATE=utf8mb4_unicode_ci ROW_FORMAT=DYNAMIC;

-- --------------------------------------------------------

--
-- Struktur dari tabel `pesanan`
--

CREATE TABLE `pesanan` (
  `pesanan_id` int(10) UNSIGNED NOT NULL,
  `pesanan_pelanggan` int(10) UNSIGNED NOT NULL,
  `pesanan_penjual` int(11) NOT NULL,
  `pesanan_produk` int(10) UNSIGNED NOT NULL,
  `pesanan_jumlah` int(11) NOT NULL,
  `pesanan_waktu` datetime NOT NULL DEFAULT CURRENT_TIMESTAMP,
  `pesanan_status` enum('sukses','pending','pengemasan','pengiriman') COLLATE utf8mb4_unicode_ci NOT NULL DEFAULT 'pending',
  `pesanan_tujuan` varchar(255) COLLATE utf8mb4_unicode_ci NOT NULL,
  `pesanan_dari` varchar(255) COLLATE utf8mb4_unicode_ci NOT NULL,
  `pesanan_harga` double NOT NULL
) ENGINE=InnoDB DEFAULT CHARSET=utf8mb4 COLLATE=utf8mb4_unicode_ci ROW_FORMAT=DYNAMIC;

--
-- Dumping data untuk tabel `pesanan`
--

INSERT INTO `pesanan` (`pesanan_id`, `pesanan_pelanggan`, `pesanan_penjual`, `pesanan_produk`, `pesanan_jumlah`, `pesanan_waktu`, `pesanan_status`, `pesanan_tujuan`, `pesanan_dari`, `pesanan_harga`) VALUES
(2, 2, 1, 3, 10, '2019-11-18 10:53:57', 'sukses', 'lll Banyuwangi Jawa Timur', 'a Banyuwangi  Jawa Timur', 560000),
(3, 2, 1, 3, 10, '2019-11-18 11:10:49', 'sukses', 'oo Buleleng Bali', 'a Banyuwangi  Jawa Timur', 660000),
(4, 2, 1, 3, 20, '2019-11-25 22:21:29', 'pending', 'l Lumajang Jawa Timur', 'a Banyuwangi  Jawa Timur', 1140000),
(5, 2, 1, 3, 20, '2019-11-27 11:10:04', 'pengiriman', 'aaaa Banyuwangi Jawa Timur', 'a Banyuwangi  Jawa Timur', 1100000),
(6, 2, 1, 3, 10, '2019-11-27 11:17:07', 'pending', 'll Barito Kuala Kalimantan Selatan', 'a Banyuwangi  Jawa Timur', 910000);

-- --------------------------------------------------------

--
-- Struktur dari tabel `produk`
--

CREATE TABLE `produk` (
  `produk_id` int(10) UNSIGNED NOT NULL,
  `produk_kategori` int(10) UNSIGNED NOT NULL,
  `produk_kemasan` int(10) UNSIGNED NOT NULL,
  `produk_nama` varchar(40) COLLATE utf8mb4_unicode_ci NOT NULL,
  `produk_harga` double NOT NULL,
  `produk_deskripsi` varchar(191) COLLATE utf8mb4_unicode_ci NOT NULL DEFAULT 'Tidak Ada Deskripsi',
  `produk_gambar` varchar(191) COLLATE utf8mb4_unicode_ci DEFAULT NULL,
  `produk_stok` int(11) NOT NULL,
  `pemilik` int(10) UNSIGNED NOT NULL
) ENGINE=InnoDB DEFAULT CHARSET=utf8mb4 COLLATE=utf8mb4_unicode_ci ROW_FORMAT=DYNAMIC;

--
-- Dumping data untuk tabel `produk`
--

INSERT INTO `produk` (`produk_id`, `produk_kategori`, `produk_kemasan`, `produk_nama`, `produk_harga`, `produk_deskripsi`, `produk_gambar`, `produk_stok`, `pemilik`) VALUES
(3, 1, 1, 'asd', 50000, 'Tidak ada deskripsi', '1573029267_5dc2859387a8e.jpg', 1, 1);

-- --------------------------------------------------------

--
-- Struktur dari tabel `province`
--

CREATE TABLE `province` (
  `id` int(10) UNSIGNED NOT NULL,
  `name` varchar(200) COLLATE utf8mb4_unicode_ci NOT NULL,
  `created_at` timestamp NULL DEFAULT NULL,
  `updated_at` timestamp NULL DEFAULT NULL
) ENGINE=InnoDB DEFAULT CHARSET=utf8mb4 COLLATE=utf8mb4_unicode_ci ROW_FORMAT=DYNAMIC;

--
-- Dumping data untuk tabel `province`
--

INSERT INTO `province` (`id`, `name`, `created_at`, `updated_at`) VALUES
(1, 'Bali', '2019-11-01 01:38:15', '2019-11-01 01:38:15'),
(2, 'Bangka Belitung', '2019-11-01 01:38:15', '2019-11-01 01:38:15'),
(3, 'Banten', '2019-11-01 01:38:16', '2019-11-01 01:38:16'),
(4, 'Bengkulu', '2019-11-01 01:38:16', '2019-11-01 01:38:16'),
(5, 'DI Yogyakarta', '2019-11-01 01:38:16', '2019-11-01 01:38:16'),
(6, 'DKI Jakarta', '2019-11-01 01:38:16', '2019-11-01 01:38:16'),
(7, 'Gorontalo', '2019-11-01 01:38:16', '2019-11-01 01:38:16'),
(8, 'Jambi', '2019-11-01 01:38:16', '2019-11-01 01:38:16'),
(9, 'Jawa Barat', '2019-11-01 01:38:16', '2019-11-01 01:38:16'),
(10, 'Jawa Tengah', '2019-11-01 01:38:16', '2019-11-01 01:38:16'),
(11, 'Jawa Timur', '2019-11-01 01:38:16', '2019-11-01 01:38:16'),
(12, 'Kalimantan Barat', '2019-11-01 01:38:16', '2019-11-01 01:38:16'),
(13, 'Kalimantan Selatan', '2019-11-01 01:38:16', '2019-11-01 01:38:16'),
(14, 'Kalimantan Tengah', '2019-11-01 01:38:16', '2019-11-01 01:38:16'),
(15, 'Kalimantan Timur', '2019-11-01 01:38:16', '2019-11-01 01:38:16'),
(16, 'Kalimantan Utara', '2019-11-01 01:38:16', '2019-11-01 01:38:16'),
(17, 'Kepulauan Riau', '2019-11-01 01:38:16', '2019-11-01 01:38:16'),
(18, 'Lampung', '2019-11-01 01:38:16', '2019-11-01 01:38:16'),
(19, 'Maluku', '2019-11-01 01:38:16', '2019-11-01 01:38:16'),
(20, 'Maluku Utara', '2019-11-01 01:38:16', '2019-11-01 01:38:16'),
(21, 'Nanggroe Aceh Darussalam (NAD)', '2019-11-01 01:38:16', '2019-11-01 01:38:16'),
(22, 'Nusa Tenggara Barat (NTB)', '2019-11-01 01:38:16', '2019-11-01 01:38:16'),
(23, 'Nusa Tenggara Timur (NTT)', '2019-11-01 01:38:16', '2019-11-01 01:38:16'),
(24, 'Papua', '2019-11-01 01:38:16', '2019-11-01 01:38:16'),
(25, 'Papua Barat', '2019-11-01 01:38:16', '2019-11-01 01:38:16'),
(26, 'Riau', '2019-11-01 01:38:16', '2019-11-01 01:38:16'),
(27, 'Sulawesi Barat', '2019-11-01 01:38:16', '2019-11-01 01:38:16'),
(28, 'Sulawesi Selatan', '2019-11-01 01:38:17', '2019-11-01 01:38:17'),
(29, 'Sulawesi Tengah', '2019-11-01 01:38:17', '2019-11-01 01:38:17'),
(30, 'Sulawesi Tenggara', '2019-11-01 01:38:17', '2019-11-01 01:38:17'),
(31, 'Sulawesi Utara', '2019-11-01 01:38:17', '2019-11-01 01:38:17'),
(32, 'Sumatera Barat', '2019-11-01 01:38:17', '2019-11-01 01:38:17'),
(33, 'Sumatera Selatan', '2019-11-01 01:38:17', '2019-11-01 01:38:17'),
(34, 'Sumatera Utara', '2019-11-01 01:38:17', '2019-11-01 01:38:17');

-- --------------------------------------------------------

--
-- Struktur dari tabel `transaksi`
--

CREATE TABLE `transaksi` (
  `id` int(10) UNSIGNED NOT NULL,
  `transaksi_id` varchar(191) COLLATE utf8mb4_unicode_ci NOT NULL,
  `transaksi_pelanggan` int(10) UNSIGNED DEFAULT NULL,
  `transaksi_to` varchar(20) COLLATE utf8mb4_unicode_ci NOT NULL,
  `transaksi_nominal` double NOT NULL,
  `transaksi_bank` varchar(20) COLLATE utf8mb4_unicode_ci NOT NULL,
  `transaksi_waktu` datetime NOT NULL DEFAULT CURRENT_TIMESTAMP,
  `transaksi_bayar` enum('Sudah Dibayar','Belum Dibayar') COLLATE utf8mb4_unicode_ci NOT NULL DEFAULT 'Belum Dibayar',
  `transaksi_deskripsi` varchar(30) COLLATE utf8mb4_unicode_ci NOT NULL,
  `gambar` varchar(191) COLLATE utf8mb4_unicode_ci DEFAULT NULL
) ENGINE=InnoDB DEFAULT CHARSET=utf8mb4 COLLATE=utf8mb4_unicode_ci ROW_FORMAT=DYNAMIC;

--
-- Dumping data untuk tabel `transaksi`
--

INSERT INTO `transaksi` (`id`, `transaksi_id`, `transaksi_pelanggan`, `transaksi_to`, `transaksi_nominal`, `transaksi_bank`, `transaksi_waktu`, `transaksi_bayar`, `transaksi_deskripsi`, `gambar`) VALUES
(1, '7160383924', 2, 'admin', 10000, 'BRI', '2019-11-22 22:56:30', 'Belum Dibayar', 'top up', '1574438199_5dd805376cf7d.png');

--
-- Indexes for dumped tables
--

--
-- Indeks untuk tabel `admin`
--
ALTER TABLE `admin`
  ADD PRIMARY KEY (`admin_id`),
  ADD UNIQUE KEY `admin_admin_username_unique` (`admin_username`);

--
-- Indeks untuk tabel `city`
--
ALTER TABLE `city`
  ADD PRIMARY KEY (`id`),
  ADD KEY `city_id_province_foreign` (`id_province`);

--
-- Indeks untuk tabel `kategori`
--
ALTER TABLE `kategori`
  ADD PRIMARY KEY (`kategori_id`);

--
-- Indeks untuk tabel `kemasan`
--
ALTER TABLE `kemasan`
  ADD PRIMARY KEY (`kemasan_id`);

--
-- Indeks untuk tabel `keranjang`
--
ALTER TABLE `keranjang`
  ADD PRIMARY KEY (`keranjang_id`),
  ADD KEY `keranjang_keranjang_produk_foreign` (`keranjang_produk`),
  ADD KEY `keranjang_keranjang_pelanggan_foreign` (`keranjang_pelanggan`);

--
-- Indeks untuk tabel `migrations`
--
ALTER TABLE `migrations`
  ADD PRIMARY KEY (`id`);

--
-- Indeks untuk tabel `pelanggan`
--
ALTER TABLE `pelanggan`
  ADD PRIMARY KEY (`pelanggan_id`),
  ADD UNIQUE KEY `pelanggan_pelanggan_email_unique` (`pelanggan_email`),
  ADD KEY `pelanggan_pelanggan_city_foreign` (`pelanggan_city`),
  ADD KEY `pelanggan_pelanggan_province_foreign` (`pelanggan_province`);

--
-- Indeks untuk tabel `pengunjung`
--
ALTER TABLE `pengunjung`
  ADD PRIMARY KEY (`pengunjung_id`);

--
-- Indeks untuk tabel `pesanan`
--
ALTER TABLE `pesanan`
  ADD PRIMARY KEY (`pesanan_id`),
  ADD KEY `pesanan_pesanan_pelanggan_foreign` (`pesanan_pelanggan`),
  ADD KEY `pesanan_pesanan_produk_foreign` (`pesanan_produk`);

--
-- Indeks untuk tabel `produk`
--
ALTER TABLE `produk`
  ADD PRIMARY KEY (`produk_id`),
  ADD KEY `produk_produk_kategori_foreign` (`produk_kategori`),
  ADD KEY `produk_produk_kemasan_foreign` (`produk_kemasan`),
  ADD KEY `produk_pemilik_foreign` (`pemilik`);

--
-- Indeks untuk tabel `province`
--
ALTER TABLE `province`
  ADD PRIMARY KEY (`id`);

--
-- Indeks untuk tabel `transaksi`
--
ALTER TABLE `transaksi`
  ADD PRIMARY KEY (`id`),
  ADD KEY `transaksi_transaksi_pelanggan_foreign` (`transaksi_pelanggan`);

--
-- AUTO_INCREMENT untuk tabel yang dibuang
--

--
-- AUTO_INCREMENT untuk tabel `admin`
--
ALTER TABLE `admin`
  MODIFY `admin_id` int(10) UNSIGNED NOT NULL AUTO_INCREMENT, AUTO_INCREMENT=4;

--
-- AUTO_INCREMENT untuk tabel `kategori`
--
ALTER TABLE `kategori`
  MODIFY `kategori_id` int(10) UNSIGNED NOT NULL AUTO_INCREMENT, AUTO_INCREMENT=2;

--
-- AUTO_INCREMENT untuk tabel `kemasan`
--
ALTER TABLE `kemasan`
  MODIFY `kemasan_id` int(10) UNSIGNED NOT NULL AUTO_INCREMENT, AUTO_INCREMENT=3;

--
-- AUTO_INCREMENT untuk tabel `keranjang`
--
ALTER TABLE `keranjang`
  MODIFY `keranjang_id` int(10) UNSIGNED NOT NULL AUTO_INCREMENT, AUTO_INCREMENT=4;

--
-- AUTO_INCREMENT untuk tabel `migrations`
--
ALTER TABLE `migrations`
  MODIFY `id` int(10) UNSIGNED NOT NULL AUTO_INCREMENT, AUTO_INCREMENT=69;

--
-- AUTO_INCREMENT untuk tabel `pelanggan`
--
ALTER TABLE `pelanggan`
  MODIFY `pelanggan_id` int(10) UNSIGNED NOT NULL AUTO_INCREMENT, AUTO_INCREMENT=4;

--
-- AUTO_INCREMENT untuk tabel `pengunjung`
--
ALTER TABLE `pengunjung`
  MODIFY `pengunjung_id` int(10) UNSIGNED NOT NULL AUTO_INCREMENT;

--
-- AUTO_INCREMENT untuk tabel `pesanan`
--
ALTER TABLE `pesanan`
  MODIFY `pesanan_id` int(10) UNSIGNED NOT NULL AUTO_INCREMENT, AUTO_INCREMENT=7;

--
-- AUTO_INCREMENT untuk tabel `produk`
--
ALTER TABLE `produk`
  MODIFY `produk_id` int(10) UNSIGNED NOT NULL AUTO_INCREMENT, AUTO_INCREMENT=4;

--
-- AUTO_INCREMENT untuk tabel `transaksi`
--
ALTER TABLE `transaksi`
  MODIFY `id` int(10) UNSIGNED NOT NULL AUTO_INCREMENT, AUTO_INCREMENT=2;

--
-- Ketidakleluasaan untuk tabel pelimpahan (Dumped Tables)
--

--
-- Ketidakleluasaan untuk tabel `city`
--
ALTER TABLE `city`
  ADD CONSTRAINT `city_id_province_foreign` FOREIGN KEY (`id_province`) REFERENCES `province` (`id`) ON UPDATE CASCADE;

--
-- Ketidakleluasaan untuk tabel `keranjang`
--
ALTER TABLE `keranjang`
  ADD CONSTRAINT `keranjang_keranjang_pelanggan_foreign` FOREIGN KEY (`keranjang_pelanggan`) REFERENCES `pelanggan` (`pelanggan_id`) ON DELETE CASCADE ON UPDATE CASCADE,
  ADD CONSTRAINT `keranjang_keranjang_produk_foreign` FOREIGN KEY (`keranjang_produk`) REFERENCES `produk` (`produk_id`) ON DELETE CASCADE ON UPDATE CASCADE;

--
-- Ketidakleluasaan untuk tabel `pelanggan`
--
ALTER TABLE `pelanggan`
  ADD CONSTRAINT `pelanggan_pelanggan_city_foreign` FOREIGN KEY (`pelanggan_city`) REFERENCES `city` (`id`) ON UPDATE CASCADE,
  ADD CONSTRAINT `pelanggan_pelanggan_province_foreign` FOREIGN KEY (`pelanggan_province`) REFERENCES `province` (`id`) ON UPDATE CASCADE;

--
-- Ketidakleluasaan untuk tabel `pesanan`
--
ALTER TABLE `pesanan`
  ADD CONSTRAINT `pesanan_pesanan_pelanggan_foreign` FOREIGN KEY (`pesanan_pelanggan`) REFERENCES `pelanggan` (`pelanggan_id`) ON DELETE CASCADE ON UPDATE CASCADE,
  ADD CONSTRAINT `pesanan_pesanan_produk_foreign` FOREIGN KEY (`pesanan_produk`) REFERENCES `produk` (`produk_id`) ON DELETE CASCADE ON UPDATE CASCADE;

--
-- Ketidakleluasaan untuk tabel `produk`
--
ALTER TABLE `produk`
  ADD CONSTRAINT `produk_pemilik_foreign` FOREIGN KEY (`pemilik`) REFERENCES `pelanggan` (`pelanggan_id`) ON DELETE CASCADE ON UPDATE CASCADE,
  ADD CONSTRAINT `produk_produk_kategori_foreign` FOREIGN KEY (`produk_kategori`) REFERENCES `kategori` (`kategori_id`) ON UPDATE CASCADE,
  ADD CONSTRAINT `produk_produk_kemasan_foreign` FOREIGN KEY (`produk_kemasan`) REFERENCES `kemasan` (`kemasan_id`) ON UPDATE CASCADE;

--
-- Ketidakleluasaan untuk tabel `transaksi`
--
ALTER TABLE `transaksi`
  ADD CONSTRAINT `transaksi_transaksi_pelanggan_foreign` FOREIGN KEY (`transaksi_pelanggan`) REFERENCES `pelanggan` (`pelanggan_id`) ON DELETE SET NULL ON UPDATE CASCADE;
COMMIT;

/*!40101 SET CHARACTER_SET_CLIENT=@OLD_CHARACTER_SET_CLIENT */;
/*!40101 SET CHARACTER_SET_RESULTS=@OLD_CHARACTER_SET_RESULTS */;
/*!40101 SET COLLATION_CONNECTION=@OLD_COLLATION_CONNECTION */;
